{
  "model_type": "recommendation_system",
  "methods": [
    "user_based_cf",
    "item_based_cf",
    "content_based",
    "svd",
    "hybrid"
  ],
  "best_method": "SVD",
  "performance_metrics": {
    "precision": {
      "User-based CF": 0.033910034602076124,
      "Item-based CF": 0.06643598615916955,
      "Content-based": 0.0,
      "SVD": 0.12006920415224914,
      "Hybrid": 0.06366782006920414
    },
    "recall": {
      "User-based CF": 0.23298731257208763,
      "Item-based CF": 0.510957324106113,
      "Content-based": 0.0,
      "SVD": 0.9694348327566319,
      "Hybrid": 0.48731257208765855
    },
    "ndcg": {
      "User-based CF": 0.12017203541788217,
      "Item-based CF": 0.2626912838554318,
      "Content-based": 0.0,
      "SVD": 0.48247881479622134,
      "Hybrid": 0.22168584925271934
    },
    "evaluated_users": {
      "User-based CF": 289.0,
      "Item-based CF": 289.0,
      "Content-based": 289.0,
      "SVD": 289.0,
      "Hybrid": 289.0
    }
  },
  "diversity_metrics": {
    "unique_items": {
      "User-based CF": 20.0,
      "Item-based CF": 25.0,
      "Content-based": 10.0,
      "SVD": 15.0,
      "Hybrid": 22.0
    },
    "catalog_coverage": {
      "User-based CF": 71.42857142857143,
      "Item-based CF": 89.28571428571429,
      "Content-based": 35.714285714285715,
      "SVD": 53.57142857142857,
      "Hybrid": 78.57142857142857
    },
    "avg_popularity": {
      "User-based CF": 20.513,
      "Item-based CF": 42.412,
      "Content-based": 0.0,
      "SVD": 77.728,
      "Hybrid": 45.024
    },
    "avg_novelty": {
      "User-based CF": 0.3235735427127325,
      "Item-based CF": 0.3194454272351268,
      "Content-based": 0.0,
      "SVD": 0.1392873522701849,
      "Hybrid": 0.29085609516257194
    },
    "evaluated_users": {
      "User-based CF": 100.0,
      "Item-based CF": 100.0,
      "Content-based": 100.0,
      "SVD": 100.0,
      "Hybrid": 100.0
    }
  },
  "data_statistics": {
    "n_users": 542,
    "n_items": 28,
    "sparsity": 95.71669419212772,
    "n_interactions": 12449
  },
  "model_parameters": {
    "user_cf_neighbors": 50,
    "item_cf_neighbors": 30,
    "svd_components": 27,
    "hybrid_weights": {
      "cf_user": 0.3,
      "cf_item": 0.3,
      "content": 0.2,
      "svd": 0.2
    }
  },
  "training_date": "2025-09-13 11:27:57"
}